"id","id_place","title_fr","title_en","master_name","master_first_name","master_email","student_name","student_first_name","student_email","summary_fr","summary_en","year"
1,"","","","","","","","","","","",""
2,"","","","","","","","","","","",""
3,"","","","","","","","","","","",""
4,"","","","","","","","","","","",""
5,"","","","","","","","","","","",""
6,"","","","","","","","","","","",""
7,"","","","","","","","","","","",""
8,"","","","","","","","","","","",""
9,"","","","","","","","","","","",""
10,"","","","","","","","","","","",""
11,"","","","","","","","","","","",""
12,"","","","","","","","","","","",""
13,"","","","","","","","","","","",""
14,"","","","","","","","","","","",""
15,"","","","","","","","","","","",""
16,"","","","","","","","","","","",""
17,"","","","","","","","","","","",""
18,"","","","","","","","","","","",""
19,"","","","","","","","","","","",""
20,"","","","","","","","","","","",""
21,"","","","","","","","","","","",""
22,"","","","","","","","","","","",""
23,"","","","","","","","","","","",""
24,"","","","","","","","","","","",""
25,"","","","","","","","","","","",""
26,"","","","","","","","","","","",""
27,"","","","","","","","","","","",""
28,"","","","","","","","","","","",""
29,"","","","","","","","","","","",""
30,"","","","","","","","","","","",""
31,"","","","","","","","","","","",""
32,"","","","","","","","","","","",""
33,"","","","","","","","","","","",""
34,"","","","","","","","","","","",""
35,"","","","","","","","","","","",""
36,"","","","","","","","","","","",""
37,"","","","","","","","","","","",""
38,"","","","","","","","","","","",""
39,"","","","","","","","","","","",""
40,"","","","","","","","","","","",""
41,"","","","","","","","","","","",""
42,"","","","","","","","","","","",""
43,"","","","","","","","","","","",""
44,"","","","","","","","","","","",""
45,"","","","","","","","","","","",""
46,"","","","","","","","","","","",""
47,"","","","","","","","","","","",""
48,"","","","","","","","","","","",""
49,"","","","","","","","","","","",""
50,"","","","","","","","","","","",""
51,"","","","","","","","","","","",""
52,"","","","","","","","","","","",""
53,"","","","","","","","","","","",""
54,"","","","","","","","","","","",""
55,"","","","","","","","","","","",""
56,"","","","","","","","","","","",""
57,"","","","","","","","","","","",""
58,"","","","","","","","","","","",""
59,"","","","","","","","","","","",""
60,"","","","","","","","","","","",""
61,"","","","","","","","","","","",""
62,"","","","","","","","","","","",""
63,"","","","","","","","","","","",""
64,"","","","","","","","","","","",""
65,"","","","","","","","","","","",""
66,"","","","","","","","","","","",""
67,"","","","","","","","","","","",""
68,"","","","","","","","","","","",""
69,"","","","","","","","","","","",""
70,"","","","","","","","","","","",""
71,"","","","","","","","","","","",""
72,"","","","","","","","","","","",""
73,"","","","","","","","","","","",""
74,"","","","","","","","","","","",""
75,"","","","","","","","","","","",""
76,"","","","","","","","","","","",""
77,"","","","","","","","","","","",""
78,"","","","","","","","","","","",""
79,"","","","","","","","","","","",""
80,"","","","","","","","","","","",""
81,"","","","","","","","","","","",""
82,"","","","","","","","","","","",""
83,"","","","","","","","","","","",""
84,"","","","","","","","","","","",""
85,"","","","","","","","","","","",""
86,"","","","","","","","","","","",""
87,"","","","","","","","","","","",""
88,"","","","","","","","","","","",""
89,"","","","","","","","","","","",""
90,"","","","","","","","","","","",""
91,"","","","","","","","","","","",""
92,"","","","","","","","","","","",""
93,"","","","","","","","","","","",""
94,"","","","","","","","","","","",""
95,"","","","","","","","","","","",""
96,"","","","","","","","","","","",""
97,"","","","","","","","","","","",""
98,"","","","","","","","","","","",""
99,"","","","","","","","","","","",""
100,"","","","","","","","","","","",""
101,"","","","","","","","","","","",""
102,"","","","","","","","","","","",""
103,"","","","","","","","","","","",""
104,"","","","","","","","","","","",""
105,"","","","","","","","","","","",""
106,"","","","","","","","","","","",""
107,"","","","","","","","","","","",""
108,"","","","","","","","","","","",""
109,"","","","","","","","","","","",""
110,"","","","","","","","","","","",""
111,"","","","","","","","","","","",""
112,"","","","","","","","","","","",""
113,"","","","","","","","","","","",""
114,"","","","","","","","","","","",""
115,"","","","","","","","","","","",""
116,"","","","","","","","","","","",""
117,"","","","","","","","","","","",""
118,"","","","","","","","","","","",""
119,"","","","","","","","","","","",""
120,"","","","","","","","","","","",""
121,"","","","","","","","","","","",""
122,"","","","","","","","","","","",""
123,"","","","","","","","","","","",""
124,"","","","","","","","","","","",""
125,"","","","","","","","","","","",""
126,"","","","","","","","","","","",""
127,"","","","","","","","","","","",""
128,"","","","","","","","","","","",""
129,"","","","","","","","","","","",""
130,"","","","","","","","","","","",""
131,"","","","","","","","","","","",""
132,"","","","","","","","","","","",""
133,"","","","","","","","","","","",""
134,"","","","","","","","","","","",""
135,"","","","","","","","","","","",""
136,"","","","","","","","","","","",""
137,"","","","","","","","","","","",""
138,"","","","","","","","","","","",""
139,"","","","","","","","","","","",""
140,"1","","","","","","","","","","",""
141,"1","","","","","","","","","","",""
142,"1","yo","","","","","","","","","",""
143,"2","yo","","","","","","","","","",""
144,"3","yo","","","","","","","","","",""
146,"5","yo","","","","","","","","","",""
147,"6","yo","","","","","","","","","",""
148,"1","UFHldkg,","","","","","","","","","",""
149,"7","UFHldkg,","","","","","","","","","",""
150,"1","","","","","","","","","","",""
151,"1","","","","","","","","","","",""
152,"8","","","","","","","","","","",""
153,"1","a","","","","","","","","","",""
154,"8","b","","","","","","","","","",""
156,"1","fr titr","tit ang","Jon","Doe","m@m.m","Etu","Diant","e@e.e","resufr","resuangl","2010"
157,"10","fr titr","tit ang","Jon","Doe","m@m.m","Etu","Diant","e@e.e","resufr","resuangl","2010"
158,"11","fr titr","tit ang","Jon","Doe","m@m.m","Etu","Diant","e@e.e","resufr","resuangl","2010"
159,"1","fr titr2","tit ang 2","Jon2","Doe2","m@m.m2","Etu2","Diant2","e@e.e2","vn

vnnvnv
vn
vn
vn
vn
vn
vnvnvn
nvvvvvvvvvvvvvvvvvvvvvvvvvvvvvvvvvvvvvvvvvvvvvvvvvvvvvvvvvvvvvvvvvvvvvvvvvvvvvvvvvvvvvvvvvvvvvvvvvvvvvvvvvvvvvvvvvv","fhcnnfc cnc2
fdgd2
gdbnn2","2010"
